{
    "root_group": {
        "name": "",
        "path": "",
        "id": "d41d8cd98f00b204e9800998ecf8427e",
        "groups": {},
        "checks": {
                "returns HTTP 200": {
                    "id": "3ac61b617c259842ec196bf588f07e18",
                    "passes": 16,
                    "fails": 0,
                    "name": "returns HTTP 200",
                    "path": "::returns HTTP 200"
                }
            }
    },
    "metrics": {
        "checks": {
            "passes": 16,
            "fails": 0,
            "thresholds": {
                "rate==1": false
            },
            "value": 1
        },
        "vus_max": {
            "value": 1,
            "min": 1,
            "max": 1
        },
        "iteration_duration": {
            "med": 2779.5348544999997,
            "max": 11061.902833,
            "p(90)": 7482.259208500001,
            "p(95)": 8431.736552499997,
            "avg": 3778.2194193125,
            "min": 1353.663792
        },
        "http_req_duration{expected_response:true}": {
            "p(90)": 6481.054,
            "p(95)": 7431.168499999997,
            "avg": 2776.0619374999997,
            "min": 352.187,
            "med": 1777.299,
            "max": 10064.471
        },
        "http_reqs": {
            "count": 16,
            "rate": 0.26463423603875363
        },
        "vus": {
            "min": 1,
            "max": 1,
            "value": 1
        },
        "http_req_blocked": {
            "avg": 0.9675000000000001,
            "min": 0.009,
            "med": 0.015,
            "max": 15.245,
            "p(90)": 0.026000000000000006,
            "p(95)": 3.8367499999999897
        },
        "http_req_tls_handshaking": {
            "p(95)": 0,
            "avg": 0,
            "min": 0,
            "med": 0,
            "max": 0,
            "p(90)": 0
        },
        "data_received": {
            "rate": 208781.0634488864,
            "count": 12623072
        },
        "http_req_waiting": {
            "avg": 170.31206250000002,
            "min": 122.308,
            "med": 131.87900000000002,
            "max": 515.374,
            "p(90)": 261.3635000000001,
            "p(95)": 413.2157499999999
        },
        "http_req_receiving": {
            "p(90)": 6153.448,
            "p(95)": 7181.904499999997,
            "avg": 2605.688875,
            "min": 219.599,
            "med": 1650.841,
            "max": 9920.864
        },
        "iterations": {
            "count": 16,
            "rate": 0.26463423603875363
        },
        "http_req_duration": {
            "p(90)": 6481.054,
            "p(95)": 7431.168499999997,
            "avg": 2776.0619374999997,
            "min": 352.187,
            "med": 1777.299,
            "max": 10064.471
        },
        "http_req_sending": {
            "med": 0.052,
            "max": 0.222,
            "p(90)": 0.061,
            "p(95)": 0.1027499999999999,
            "avg": 0.061000000000000026,
            "min": 0.031
        },
        "http_req_failed": {
            "passes": 0,
            "fails": 16,
            "value": 0
        },
        "http_req_connecting": {
            "avg": 0.89825,
            "min": 0,
            "med": 0,
            "max": 14.372,
            "p(90)": 0,
            "p(95)": 3.59299999999999
        },
        "data_sent": {
            "count": 1440,
            "rate": 23.817081243487827
        }
    }
}