{
    "metrics": {
        "http_req_waiting": {
            "max": 5418.592,
            "p(90)": 2288.5715,
            "p(95)": 4133.142549999995,
            "avg": 1206.3769200000006,
            "min": 174.063,
            "med": 749.059
        },
        "checks": {
            "passes": 200,
            "fails": 0,
            "thresholds": {
                "rate==1": false
            },
            "value": 1
        },
        "http_reqs": {
            "count": 200,
            "rate": 2.9798313689589655
        },
        "vus_max": {
            "value": 30,
            "min": 30,
            "max": 30
        },
        "http_req_tls_handshaking": {
            "avg": 0,
            "min": 0,
            "med": 0,
            "max": 0,
            "p(90)": 0,
            "p(95)": 0
        },
        "data_received": {
            "count": 157788400,
            "rate": 2350914.1198892244
        },
        "http_req_connecting": {
            "med": 0,
            "max": 11.91,
            "p(90)": 9.453500000000002,
            "p(95)": 9.8501,
            "avg": 1.464465,
            "min": 0
        },
        "http_req_sending": {
            "avg": 0.03891999999999998,
            "min": 0.007,
            "med": 0.0405,
            "max": 0.1,
            "p(90)": 0.052,
            "p(95)": 0.057
        },
        "http_req_receiving": {
            "max": 24734.874,
            "p(90)": 12321.3945,
            "p(95)": 14495.277999999998,
            "avg": 7486.337850000003,
            "min": 713.093,
            "med": 6812.659
        },
        "iterations": {
            "count": 200,
            "rate": 2.9798313689589655
        },
        "http_req_failed": {
            "passes": 0,
            "fails": 200,
            "value": 0
        },
        "vus": {
            "value": 3,
            "min": 3,
            "max": 30
        },
        "iteration_duration": {
            "min": 2316.136875,
            "med": 8846.695770999999,
            "max": 28867.601167,
            "p(90)": 15494.631420600004,
            "p(95)": 18077.699875000002,
            "avg": 9694.978201075002
        },
        "http_req_blocked": {
            "p(90)": 9.483500000000001,
            "p(95)": 9.86565,
            "avg": 1.4789199999999996,
            "min": 0.006,
            "med": 0.013,
            "max": 11.928
        },
        "http_req_duration": {
            "med": 7845.691000000001,
            "max": 27857.437,
            "p(90)": 14483.246100000004,
            "p(95)": 17066.17995,
            "avg": 8692.753689999998,
            "min": 1315.388
        },
        "data_sent": {
            "count": 18000,
            "rate": 268.18482320630693
        },
        "http_req_duration{expected_response:true}": {
            "p(90)": 14483.246100000004,
            "p(95)": 17066.17995,
            "avg": 8692.753689999998,
            "min": 1315.388,
            "med": 7845.691000000001,
            "max": 27857.437
        }
    },
    "root_group": {
        "name": "",
        "path": "",
        "id": "d41d8cd98f00b204e9800998ecf8427e",
        "groups": {},
        "checks": {
                "returns HTTP 200": {
                    "name": "returns HTTP 200",
                    "path": "::returns HTTP 200",
                    "id": "3ac61b617c259842ec196bf588f07e18",
                    "passes": 200,
                    "fails": 0
                }
            }
    }
}