{
    "root_group": {
        "id": "d41d8cd98f00b204e9800998ecf8427e",
        "groups": {},
        "checks": {
                "returns HTTP 200": {
                    "name": "returns HTTP 200",
                    "path": "::returns HTTP 200",
                    "id": "3ac61b617c259842ec196bf588f07e18",
                    "passes": 183,
                    "fails": 0
                }
            },
        "name": "",
        "path": ""
    },
    "metrics": {
        "http_reqs": {
            "count": 183,
            "rate": 2.6935578926545056
        },
        "http_req_tls_handshaking": {
            "avg": 0,
            "min": 0,
            "med": 0,
            "max": 0,
            "p(90)": 0,
            "p(95)": 0
        },
        "data_sent": {
            "rate": 242.42021033890552,
            "count": 16470
        },
        "http_req_failed": {
            "passes": 0,
            "fails": 183,
            "value": 0
        },
        "http_req_blocked": {
            "max": 36.431,
            "p(90)": 15.487200000000001,
            "p(95)": 16.6095,
            "avg": 3.2497650273224017,
            "min": 0.006,
            "med": 0.014
        },
        "http_req_waiting": {
            "avg": 1347.8099617486334,
            "min": 273.409,
            "med": 961.73,
            "max": 5574.743,
            "p(90)": 3166.9674000000014,
            "p(95)": 4628.035699999996
        },
        "http_req_receiving": {
            "min": 401.221,
            "med": 7223.692,
            "max": 25985.824,
            "p(90)": 16734.230600000003,
            "p(95)": 19429.721899999997,
            "avg": 8415.990775956287
        },
        "vus_max": {
            "value": 30,
            "min": 30,
            "max": 30
        },
        "http_req_duration": {
            "p(90)": 17709.2232,
            "p(95)": 20480.588599999995,
            "avg": 9763.838338797814,
            "min": 1543.959,
            "med": 8746.118,
            "max": 31269.809
        },
        "iteration_duration": {
            "p(95)": 21481.821029799998,
            "avg": 10767.821702688527,
            "min": 2559.873167,
            "med": 9746.666208,
            "max": 32287.413291,
            "p(90)": 18716.9815006
        },
        "http_req_duration{expected_response:true}": {
            "avg": 9763.838338797814,
            "min": 1543.959,
            "med": 8746.118,
            "max": 31269.809,
            "p(90)": 17709.2232,
            "p(95)": 20480.588599999995
        },
        "checks": {
            "fails": 0,
            "passes": 183,
            "thresholds": {
                "rate==1": false
            },
            "value": 1
        },
        "http_req_sending": {
            "avg": 0.03760109289617483,
            "min": 0.007,
            "med": 0.041,
            "max": 0.069,
            "p(90)": 0.051,
            "p(95)": 0.05289999999999999
        },
        "data_received": {
            "count": 144376386,
            "rate": 2125060.950946631
        },
        "iterations": {
            "count": 183,
            "rate": 2.6935578926545056
        },
        "vus": {
            "value": 10,
            "min": 10,
            "max": 30
        },
        "http_req_connecting": {
            "max": 36.099,
            "p(90)": 15.3942,
            "p(95)": 16.5812,
            "avg": 3.226191256830601,
            "min": 0,
            "med": 0
        }
    }
}