{
    "metrics": {
        "iteration_duration": {
            "p(90)": 1937.5059875000004,
            "p(95)": 2427.8516409999993,
            "avg": 1609.9306535,
            "min": 1336.72625,
            "med": 1468.4724379999998,
            "max": 3532.137042
        },
        "checks": {
            "passes": 38,
            "fails": 0,
            "thresholds": {
                "rate==1": false
            },
            "value": 1
        },
        "http_req_tls_handshaking": {
            "avg": 0,
            "min": 0,
            "med": 0,
            "max": 0,
            "p(90)": 0,
            "p(95)": 0
        },
        "data_sent": {
            "count": 3420,
            "rate": 55.90007838106312
        },
        "vus": {
            "min": 1,
            "max": 1,
            "value": 1
        },
        "http_req_duration": {
            "p(95)": 1425.1637999999991,
            "avg": 607.6533421052632,
            "min": 334.371,
            "med": 467.08849999999995,
            "max": 2518.308,
            "p(90)": 935.0157000000003
        },
        "http_req_sending": {
            "med": 0.0505,
            "max": 0.067,
            "p(90)": 0.057,
            "p(95)": 0.06,
            "avg": 0.047947368421052634,
            "min": 0.031
        },
        "http_req_failed": {
            "fails": 38,
            "passes": 0,
            "value": 0
        },
        "http_reqs": {
            "count": 38,
            "rate": 0.6211119820118124
        },
        "vus_max": {
            "value": 1,
            "min": 1,
            "max": 1
        },
        "data_received": {
            "count": 29979796,
            "rate": 490021.32931236335
        },
        "iterations": {
            "count": 38,
            "rate": 0.6211119820118124
        },
        "http_req_duration{expected_response:true}": {
            "avg": 607.6533421052632,
            "min": 334.371,
            "med": 467.08849999999995,
            "max": 2518.308,
            "p(90)": 935.0157000000003,
            "p(95)": 1425.1637999999991
        },
        "http_req_waiting": {
            "med": 129.03449999999998,
            "max": 323.385,
            "p(90)": 144.4694,
            "p(95)": 150.66924999999998,
            "avg": 136.00671052631577,
            "min": 119.4
        },
        "http_req_receiving": {
            "p(95)": 1281.7521499999991,
            "avg": 471.5986842105263,
            "min": 213.81,
            "med": 329.8005,
            "max": 2389.29,
            "p(90)": 805.0401000000002
        },
        "http_req_connecting": {
            "avg": 0.3186842105263158,
            "min": 0,
            "med": 0,
            "max": 12.11,
            "p(90)": 0,
            "p(95)": 0
        },
        "http_req_blocked": {
            "avg": 0.33371052631578946,
            "min": 0.01,
            "med": 0.014499999999999999,
            "max": 12.179,
            "p(90)": 0.016,
            "p(95)": 0.01715
        }
    },
    "root_group": {
        "groups": {},
        "checks": {
                "returns HTTP 200": {
                    "name": "returns HTTP 200",
                    "path": "::returns HTTP 200",
                    "id": "3ac61b617c259842ec196bf588f07e18",
                    "passes": 38,
                    "fails": 0
                }
            },
        "name": "",
        "path": "",
        "id": "d41d8cd98f00b204e9800998ecf8427e"
    }
}