{
    "root_group": {
        "groups": {},
        "checks": {
                "returns HTTP 200": {
                    "fails": 0,
                    "name": "returns HTTP 200",
                    "path": "::returns HTTP 200",
                    "id": "3ac61b617c259842ec196bf588f07e18",
                    "passes": 204
                }
            },
        "name": "",
        "path": "",
        "id": "d41d8cd98f00b204e9800998ecf8427e"
    },
    "metrics": {
        "iterations": {
            "count": 204,
            "rate": 3.241857696971897
        },
        "http_req_tls_handshaking": {
            "avg": 0,
            "min": 0,
            "med": 0,
            "max": 0,
            "p(90)": 0,
            "p(95)": 0
        },
        "http_req_sending": {
            "med": 0.0435,
            "max": 0.164,
            "p(90)": 0.05770000000000001,
            "p(95)": 0.06184999999999999,
            "avg": 0.043735294117647046,
            "min": 0.007
        },
        "http_req_duration{expected_response:true}": {
            "med": 1912.94,
            "max": 5419.863,
            "p(90)": 3700.6787,
            "p(95)": 4539.594249999998,
            "avg": 2038.5602941176483,
            "min": 400.968
        },
        "http_req_failed": {
            "passes": 0,
            "fails": 204,
            "value": 0
        },
        "iteration_duration": {
            "avg": 3040.068957946078,
            "min": 1401.758167,
            "med": 2913.664479,
            "max": 6420.601375,
            "p(90)": 4701.3540332,
            "p(95)": 5540.070729449999
        },
        "http_req_duration": {
            "max": 5419.863,
            "p(90)": 3700.6787,
            "p(95)": 4539.594249999998,
            "avg": 2038.5602941176483,
            "min": 400.968,
            "med": 1912.94
        },
        "data_received": {
            "count": 160944168,
            "rate": 2557637.6951644025
        },
        "vus_max": {
            "value": 10,
            "min": 10,
            "max": 10
        },
        "http_req_receiving": {
            "max": 5098.518,
            "p(90)": 3093.6809,
            "p(95)": 3342.0773,
            "avg": 1590.2640000000001,
            "min": 268.461,
            "med": 1457.078
        },
        "vus": {
            "value": 7,
            "min": 7,
            "max": 10
        },
        "http_reqs": {
            "count": 204,
            "rate": 3.241857696971897
        },
        "http_req_connecting": {
            "avg": 0.5607107843137255,
            "min": 0,
            "med": 0,
            "max": 11.64,
            "p(90)": 0,
            "p(95)": 0
        },
        "http_req_blocked": {
            "min": 0.005,
            "med": 0.014,
            "max": 11.69,
            "p(90)": 0.018,
            "p(95)": 0.05294999999999976,
            "avg": 0.5754362745098037
        },
        "http_req_waiting": {
            "max": 1592.253,
            "p(90)": 753.4394000000002,
            "p(95)": 1134.6952,
            "avg": 448.25255882352945,
            "min": 125.399,
            "med": 359.769
        },
        "data_sent": {
            "count": 18360,
            "rate": 291.76719272747073
        },
        "checks": {
            "passes": 204,
            "fails": 0,
            "thresholds": {
                "rate==1": false
            },
            "value": 1
        }
    }
}