{
    "root_group": {
        "checks": {
            "returns HTTP 200": {
                "name": "returns HTTP 200",
                "path": "::returns HTTP 200",
                "id": "3ac61b617c259842ec196bf588f07e18",
                "passes": 224,
                "fails": 0
            }
        },
        "name": "",
        "path": "",
        "id": "d41d8cd98f00b204e9800998ecf8427e",
        "groups": {}
    },
    "metrics": {
        "http_req_blocked": {
            "avg": 1.542044642857144,
            "min": 0.005,
            "med": 0.013,
            "max": 13.197,
            "p(90)": 10.308,
            "p(95)": 12.31485
        },
        "http_req_connecting": {
            "med": 0,
            "max": 13.166,
            "p(90)": 10.2394,
            "p(95)": 12.2661,
            "avg": 1.5258526785714284,
            "min": 0
        },
        "vus_max": {
            "value": 30,
            "min": 30,
            "max": 30
        },
        "vus": {
            "value": 14,
            "min": 14,
            "max": 30
        },
        "iterations": {
            "rate": 3.3950952695561654,
            "count": 224
        },
        "http_req_duration": {
            "min": 669.099,
            "med": 5760.226000000001,
            "max": 26837.894,
            "p(90)": 15026.9017,
            "p(95)": 17502.955399999995,
            "avg": 7578.8370625000025
        },
        "http_req_duration{expected_response:true}": {
            "med": 5760.226000000001,
            "max": 26837.894,
            "p(90)": 15026.9017,
            "p(95)": 17502.955399999995,
            "avg": 7578.8370625000025,
            "min": 669.099
        },
        "http_req_receiving": {
            "p(95)": 15115.657899999997,
            "avg": 6397.6119508928605,
            "min": 395.599,
            "med": 4625.68,
            "max": 26018.806,
            "p(90)": 12872.8301
        },
        "iteration_duration": {
            "max": 27838.322917,
            "p(90)": 16028.2515411,
            "p(95)": 18516.996393849993,
            "avg": 8581.430556941967,
            "min": 1670.927916,
            "med": 6762.182229
        },
        "data_received": {
            "count": 176723008,
            "rate": 2678533.2521541803
        },
        "http_reqs": {
            "count": 224,
            "rate": 3.3950952695561654
        },
        "http_req_tls_handshaking": {
            "med": 0,
            "max": 0,
            "p(90)": 0,
            "p(95)": 0,
            "avg": 0,
            "min": 0
        },
        "http_req_failed": {
            "passes": 0,
            "fails": 224,
            "value": 0
        },
        "data_sent": {
            "rate": 305.5585742600549,
            "count": 20160
        },
        "http_req_waiting": {
            "p(90)": 3022.0658000000003,
            "p(95)": 3765.6986499999994,
            "avg": 1181.1854464285711,
            "min": 182.692,
            "med": 741.3164999999999,
            "max": 5489.396
        },
        "checks": {
            "passes": 224,
            "fails": 0,
            "thresholds": {
                "rate==1": false
            },
            "value": 1
        },
        "http_req_sending": {
            "med": 0.041,
            "max": 0.127,
            "p(90)": 0.054,
            "p(95)": 0.059,
            "avg": 0.03966517857142854,
            "min": 0.006
        }
    }
}