{
    "root_group": {
        "id": "d41d8cd98f00b204e9800998ecf8427e",
        "groups": {},
        "checks": {
                "returns HTTP 200": {
                    "name": "returns HTTP 200",
                    "path": "::returns HTTP 200",
                    "id": "3ac61b617c259842ec196bf588f07e18",
                    "passes": 166,
                    "fails": 0
                }
            },
        "name": "",
        "path": ""
    },
    "metrics": {
        "vus_max": {
            "min": 5,
            "max": 5,
            "value": 5
        },
        "data_received": {
            "count": 130964372,
            "rate": 2123857.047980393
        },
        "iteration_duration": {
            "p(90)": 2297.859625,
            "p(95)": 2532.8149472499995,
            "avg": 1845.0830172891567,
            "min": 1357.23275,
            "med": 1772.747625,
            "max": 3186.116625
        },
        "http_req_sending": {
            "p(95)": 0.059,
            "avg": 0.04437951807228914,
            "min": 0.014,
            "med": 0.045,
            "max": 0.085,
            "p(90)": 0.056
        },
        "checks": {
            "fails": 0,
            "passes": 166,
            "thresholds": {
                "rate==1": false
            },
            "value": 1
        },
        "http_req_duration": {
            "p(90)": 1296.237,
            "p(95)": 1532.2559999999996,
            "avg": 843.5367951807227,
            "min": 355.376,
            "med": 772.206,
            "max": 2185.544
        },
        "data_sent": {
            "count": 14940,
            "rate": 242.28287290857295
        },
        "vus": {
            "min": 4,
            "max": 5,
            "value": 4
        },
        "http_req_duration{expected_response:true}": {
            "max": 2185.544,
            "p(90)": 1296.237,
            "p(95)": 1532.2559999999996,
            "avg": 843.5367951807227,
            "min": 355.376,
            "med": 772.206
        },
        "http_req_blocked": {
            "max": 8.749,
            "p(90)": 0.017,
            "p(95)": 0.018749999999999992,
            "avg": 0.27464457831325373,
            "min": 0.005,
            "med": 0.014
        },
        "http_reqs": {
            "count": 166,
            "rate": 2.6920319212063664
        },
        "http_req_failed": {
            "passes": 0,
            "fails": 166,
            "value": 0
        },
        "http_req_tls_handshaking": {
            "p(95)": 0,
            "avg": 0,
            "min": 0,
            "med": 0,
            "max": 0,
            "p(90)": 0
        },
        "http_req_waiting": {
            "avg": 215.04467469879503,
            "min": 122.293,
            "med": 192.692,
            "max": 777.903,
            "p(90)": 302.09200000000004,
            "p(95)": 384.4742499999998
        },
        "iterations": {
            "count": 166,
            "rate": 2.6920319212063664
        },
        "http_req_receiving": {
            "max": 1945.319,
            "p(90)": 1020.6210000000001,
            "p(95)": 1142.49825,
            "avg": 628.4477409638561,
            "min": 220.116,
            "med": 568.8615
        },
        "http_req_connecting": {
            "p(95)": 0,
            "avg": 0.2593674698795181,
            "min": 0,
            "med": 0,
            "max": 8.7,
            "p(90)": 0
        }
    }
}