{
    "root_group": {
        "name": "",
        "path": "",
        "id": "d41d8cd98f00b204e9800998ecf8427e",
        "groups": {},
        "checks": {
                "returns HTTP 200": {
                    "path": "::returns HTTP 200",
                    "id": "3ac61b617c259842ec196bf588f07e18",
                    "passes": 252,
                    "fails": 0,
                    "name": "returns HTTP 200"
                }
            }
    },
    "metrics": {
        "http_req_waiting": {
            "max": 1638.655,
            "p(90)": 866.6740000000002,
            "p(95)": 1086.72785,
            "avg": 428.3036746031748,
            "min": 132.348,
            "med": 322.3185
        },
        "vus": {
            "max": 10,
            "value": 4,
            "min": 4
        },
        "http_req_duration{expected_response:true}": {
            "avg": 1412.5235793650797,
            "min": 324.27,
            "med": 1126.496,
            "max": 4297.415,
            "p(90)": 2773.0218,
            "p(95)": 3236.1631499999994
        },
        "iteration_duration": {
            "avg": 2414.7595970158723,
            "min": 1325.7915,
            "med": 2126.9028335000003,
            "max": 5297.874083,
            "p(90)": 3795.0821584,
            "p(95)": 4250.479987799999
        },
        "vus_max": {
            "value": 10,
            "min": 10,
            "max": 10
        },
        "checks": {
            "passes": 252,
            "fails": 0,
            "thresholds": {
                "rate==1": false
            },
            "value": 1
        },
        "http_req_blocked": {
            "med": 0.013,
            "max": 37.135,
            "p(90)": 0.017,
            "p(95)": 0.030449999999999987,
            "avg": 1.4569642857142857,
            "min": 0.004
        },
        "http_reqs": {
            "count": 252,
            "rate": 4.091202382300653
        },
        "http_req_connecting": {
            "avg": 1.4430555555555555,
            "min": 0,
            "med": 0,
            "max": 37.114,
            "p(90)": 0,
            "p(95)": 0
        },
        "iterations": {
            "rate": 4.091202382300653,
            "count": 252
        },
        "http_req_sending": {
            "min": 0.011,
            "med": 0.042,
            "max": 0.125,
            "p(90)": 0.0519,
            "p(95)": 0.057,
            "avg": 0.04107936507936504
        },
        "http_req_receiving": {
            "avg": 984.1788253968251,
            "min": 169.514,
            "med": 731.686,
            "max": 4056.099,
            "p(90)": 1901.1005,
            "p(95)": 2444.7911
        },
        "http_req_failed": {
            "passes": 0,
            "fails": 252,
            "value": 0
        },
        "data_sent": {
            "rate": 368.2082144070588,
            "count": 22680
        },
        "data_received": {
            "count": 198813384,
            "rate": 3227721.389897042
        },
        "http_req_duration": {
            "max": 4297.415,
            "p(90)": 2773.0218,
            "p(95)": 3236.1631499999994,
            "avg": 1412.5235793650797,
            "min": 324.27,
            "med": 1126.496
        },
        "http_req_tls_handshaking": {
            "avg": 0,
            "min": 0,
            "med": 0,
            "max": 0,
            "p(90)": 0,
            "p(95)": 0
        }
    }
}