{
    "root_group": {
        "name": "",
        "path": "",
        "id": "d41d8cd98f00b204e9800998ecf8427e",
        "groups": {},
        "checks": {
                "returns HTTP 200": {
                    "name": "returns HTTP 200",
                    "path": "::returns HTTP 200",
                    "id": "3ac61b617c259842ec196bf588f07e18",
                    "passes": 207,
                    "fails": 0
                }
            }
    },
    "metrics": {
        "http_req_connecting": {
            "p(90)": 0,
            "p(95)": 0,
            "avg": 0.22942995169082125,
            "min": 0,
            "med": 0,
            "max": 9.571
        },
        "http_req_receiving": {
            "min": 129.812,
            "med": 245.804,
            "max": 959.705,
            "p(90)": 393.79400000000004,
            "p(95)": 493.4126999999999,
            "avg": 274.09664251207727
        },
        "iterations": {
            "count": 207,
            "rate": 3.3726640269080588
        },
        "http_req_duration": {
            "med": 413.484,
            "max": 1837.172,
            "p(90)": 607.529,
            "p(95)": 799.1125,
            "avg": 469.46309661835767,
            "min": 296.513
        },
        "http_req_tls_handshaking": {
            "avg": 0,
            "min": 0,
            "med": 0,
            "max": 0,
            "p(90)": 0,
            "p(95)": 0
        },
        "http_req_failed": {
            "passes": 0,
            "fails": 207,
            "value": 0
        },
        "vus_max": {
            "value": 5,
            "min": 5,
            "max": 5
        },
        "data_received": {
            "count": 163310994,
            "rate": 2660836.302716898
        },
        "http_req_duration{expected_response:true}": {
            "p(90)": 607.529,
            "p(95)": 799.1125,
            "avg": 469.46309661835767,
            "min": 296.513,
            "med": 413.484,
            "max": 1837.172
        },
        "vus": {
            "value": 2,
            "min": 2,
            "max": 5
        },
        "data_sent": {
            "count": 18630,
            "rate": 303.5397624217253
        },
        "iteration_duration": {
            "avg": 1470.600571024154,
            "min": 1297.454542,
            "med": 1414.406542,
            "max": 2847.236708,
            "p(90)": 1608.3232414,
            "p(95)": 1800.3412669999998
        },
        "http_req_blocked": {
            "med": 0.014,
            "max": 9.617,
            "p(90)": 0.017,
            "p(95)": 0.020699999999999993,
            "avg": 0.24385024154589408,
            "min": 0.002
        },
        "http_req_sending": {
            "avg": 0.04535265700483092,
            "min": 0.012,
            "med": 0.045,
            "max": 0.115,
            "p(90)": 0.05840000000000001,
            "p(95)": 0.06
        },
        "http_req_waiting": {
            "avg": 195.32110144927523,
            "min": 124.602,
            "med": 162.331,
            "max": 1011.292,
            "p(90)": 254.5208,
            "p(95)": 317.4705
        },
        "http_reqs": {
            "count": 207,
            "rate": 3.3726640269080588
        },
        "checks": {
            "passes": 207,
            "fails": 0,
            "thresholds": {
                "rate==1": false
            },
            "value": 1
        }
    }
}