{
    "root_group": {
        "name": "",
        "path": "",
        "id": "d41d8cd98f00b204e9800998ecf8427e",
        "groups": {},
        "checks": {
                "returns HTTP 200": {
                    "name": "returns HTTP 200",
                    "path": "::returns HTTP 200",
                    "id": "3ac61b617c259842ec196bf588f07e18",
                    "passes": 175,
                    "fails": 0
                }
            }
    },
    "metrics": {
        "http_req_tls_handshaking": {
            "avg": 0,
            "min": 0,
            "med": 0,
            "max": 0,
            "p(90)": 0,
            "p(95)": 0
        },
        "http_req_sending": {
            "avg": 0.04626285714285713,
            "min": 0.017,
            "med": 0.045,
            "max": 0.263,
            "p(90)": 0.057,
            "p(95)": 0.06129999999999999
        },
        "http_reqs": {
            "count": 175,
            "rate": 2.840328575701817
        },
        "data_received": {
            "count": 138064850,
            "rate": 2240854.5071713426
        },
        "http_req_blocked": {
            "avg": 0.4072000000000002,
            "min": 0.004,
            "med": 0.013,
            "max": 13.902,
            "p(90)": 0.017,
            "p(95)": 0.018
        },
        "vus": {
            "value": 3,
            "min": 3,
            "max": 5
        },
        "vus_max": {
            "value": 5,
            "min": 5,
            "max": 5
        },
        "http_req_duration": {
            "avg": 745.3618857142857,
            "min": 327.474,
            "med": 663.376,
            "max": 2538.352,
            "p(90)": 1099.0986,
            "p(95)": 1644.9370999999999
        },
        "iteration_duration": {
            "min": 1329.934917,
            "med": 1664.123125,
            "max": 3538.860125,
            "p(90)": 2099.5298418,
            "p(95)": 2651.6941911,
            "avg": 1746.9925350342858
        },
        "http_req_receiving": {
            "min": 181.886,
            "med": 472.179,
            "max": 2216.517,
            "p(90)": 912.3498000000004,
            "p(95)": 1338.8301999999999,
            "avg": 549.118102857143
        },
        "http_req_connecting": {
            "avg": 0.39311428571428575,
            "min": 0,
            "med": 0,
            "max": 13.871,
            "p(90)": 0,
            "p(95)": 0
        },
        "iterations": {
            "count": 175,
            "rate": 2.840328575701817
        },
        "checks": {
            "passes": 175,
            "fails": 0,
            "thresholds": {
                "rate==1": false
            },
            "value": 1
        },
        "http_req_duration{expected_response:true}": {
            "p(90)": 1099.0986,
            "p(95)": 1644.9370999999999,
            "avg": 745.3618857142857,
            "min": 327.474,
            "med": 663.376,
            "max": 2538.352
        },
        "http_req_waiting": {
            "p(95)": 326.8646,
            "avg": 196.19752000000003,
            "min": 122.039,
            "med": 177.534,
            "max": 584.611,
            "p(90)": 286.81300000000005
        },
        "http_req_failed": {
            "passes": 0,
            "fails": 175,
            "value": 0
        },
        "data_sent": {
            "count": 15750,
            "rate": 255.62957181316352
        }
    }
}