{
    "root_group": {
        "name": "",
        "path": "",
        "id": "d41d8cd98f00b204e9800998ecf8427e",
        "groups": {},
        "checks": {
                "returns HTTP 200": {
                    "path": "::returns HTTP 200",
                    "id": "3ac61b617c259842ec196bf588f07e18",
                    "passes": 236,
                    "fails": 0,
                    "name": "returns HTTP 200"
                }
            }
    },
    "metrics": {
        "vus_max": {
            "value": 20,
            "min": 20,
            "max": 20
        },
        "http_reqs": {
            "count": 236,
            "rate": 3.6780306228154194
        },
        "http_req_duration": {
            "max": 12085.974,
            "p(90)": 7060.1745,
            "p(95)": 9326.870249999998,
            "avg": 4314.763805084746,
            "min": 1158.967,
            "med": 3736.669
        },
        "vus": {
            "value": 4,
            "min": 4,
            "max": 20
        },
        "http_req_waiting": {
            "med": 694.3305,
            "max": 4316.864,
            "p(90)": 1493.5185000000004,
            "p(95)": 2405.857249999999,
            "avg": 938.6744788135592,
            "min": 216.503
        },
        "checks": {
            "passes": 236,
            "fails": 0,
            "thresholds": {
                "rate==1": false
            },
            "value": 1
        },
        "data_sent": {
            "count": 21240,
            "rate": 331.02275605338775
        },
        "http_req_connecting": {
            "max": 11.314,
            "p(90)": 0,
            "p(95)": 10.218,
            "avg": 0.8758135593220341,
            "min": 0,
            "med": 0
        },
        "http_req_sending": {
            "max": 0.152,
            "p(90)": 0.052500000000000005,
            "p(95)": 0.05624999999999999,
            "avg": 0.040771186440678,
            "min": 0.006,
            "med": 0.041
        },
        "http_req_receiving": {
            "max": 10928.276,
            "p(90)": 5737.073,
            "p(95)": 8168.626499999997,
            "avg": 3376.0485550847447,
            "min": 357.13,
            "med": 2814.1130000000003
        },
        "http_req_duration{expected_response:true}": {
            "min": 1158.967,
            "med": 3736.669,
            "max": 12085.974,
            "p(90)": 7060.1745,
            "p(95)": 9326.870249999998,
            "avg": 4314.763805084746
        },
        "http_req_failed": {
            "passes": 0,
            "fails": 236,
            "value": 0
        },
        "http_req_blocked": {
            "med": 0.013,
            "max": 11.679,
            "p(90)": 0.021500000000000005,
            "p(95)": 10.2355,
            "avg": 0.8962330508474564,
            "min": 0.004
        },
        "http_req_tls_handshaking": {
            "min": 0,
            "med": 0,
            "max": 0,
            "p(90)": 0,
            "p(95)": 0,
            "avg": 0
        },
        "data_received": {
            "count": 186190312,
            "rate": 2901752.835625243
        },
        "iteration_duration": {
            "med": 4738.2946875,
            "max": 13088.314542,
            "p(90)": 8061.722896,
            "p(95)": 10327.52821875,
            "avg": 5316.689831711864,
            "min": 2159.457791
        },
        "iterations": {
            "count": 236,
            "rate": 3.6780306228154194
        }
    }
}