{
    "root_group": {
        "name": "",
        "path": "",
        "id": "d41d8cd98f00b204e9800998ecf8427e",
        "groups": {},
        "checks": {
                "returns HTTP 200": {
                    "name": "returns HTTP 200",
                    "path": "::returns HTTP 200",
                    "id": "3ac61b617c259842ec196bf588f07e18",
                    "passes": 202,
                    "fails": 0
                }
            }
    },
    "metrics": {
        "iterations": {
            "rate": 3.256780346626871,
            "count": 202
        },
        "vus_max": {
            "value": 10,
            "min": 10,
            "max": 10
        },
        "http_req_connecting": {
            "p(90)": 0,
            "p(95)": 0,
            "avg": 0.7383366336633663,
            "min": 0,
            "med": 0,
            "max": 15.096
        },
        "http_req_waiting": {
            "max": 1622.256,
            "p(90)": 739.1115000000001,
            "p(95)": 1041.7016499999997,
            "avg": 454.00789603960413,
            "min": 141.997,
            "med": 372.2595
        },
        "data_received": {
            "rate": 2569410.800228497,
            "count": 159366284
        },
        "http_req_blocked": {
            "avg": 0.8253366336633637,
            "min": 0.006,
            "med": 0.013,
            "max": 16.639,
            "p(90)": 0.019,
            "p(95)": 0.11934999999999917
        },
        "iteration_duration": {
            "avg": 3023.7998090049514,
            "min": 1480.9955,
            "med": 2843.8104585,
            "max": 6062.215625,
            "p(90)": 4883.8163173,
            "p(95)": 5382.270866649999
        },
        "checks": {
            "fails": 0,
            "passes": 202,
            "thresholds": {
                "rate==1": false
            },
            "value": 1
        },
        "http_reqs": {
            "count": 202,
            "rate": 3.256780346626871
        },
        "http_req_receiving": {
            "min": 212.755,
            "med": 1458.4325,
            "max": 4597.372,
            "p(90)": 2793.9011,
            "p(95)": 3121.4859499999993,
            "avg": 1567.8498960396043
        },
        "vus": {
            "value": 1,
            "min": 1,
            "max": 10
        },
        "http_req_sending": {
            "p(90)": 0.055,
            "p(95)": 0.08319999999999986,
            "avg": 0.05077722772277227,
            "min": 0.021,
            "med": 0.046,
            "max": 0.287
        },
        "data_sent": {
            "count": 18180,
            "rate": 293.1102311964184
        },
        "http_req_duration{expected_response:true}": {
            "p(95)": 4380.8048499999995,
            "avg": 2021.9085693069305,
            "min": 478.456,
            "med": 1842.9499999999998,
            "max": 5061.768,
            "p(90)": 3883.4550000000004
        },
        "http_req_duration": {
            "max": 5061.768,
            "p(90)": 3883.4550000000004,
            "p(95)": 4380.8048499999995,
            "avg": 2021.9085693069305,
            "min": 478.456,
            "med": 1842.9499999999998
        },
        "http_req_failed": {
            "passes": 0,
            "fails": 202,
            "value": 0
        },
        "http_req_tls_handshaking": {
            "avg": 0,
            "min": 0,
            "med": 0,
            "max": 0,
            "p(90)": 0,
            "p(95)": 0
        }
    }
}