{
    "metrics": {
        "vus": {
            "value": 4,
            "min": 4,
            "max": 20
        },
        "http_req_duration{expected_response:true}": {
            "avg": 4318.445286956524,
            "min": 945.622,
            "med": 3749.3375,
            "max": 15996.532,
            "p(90)": 8070.8481,
            "p(95)": 8769.2382
        },
        "iteration_duration": {
            "max": 16998.743375,
            "p(90)": 9072.2094333,
            "p(95)": 9770.56277255,
            "avg": 5320.143781717393,
            "min": 1946.365042,
            "med": 4750.862333
        },
        "checks": {
            "passes": 230,
            "fails": 0,
            "thresholds": {
                "rate==1": false
            },
            "value": 1
        },
        "http_req_connecting": {
            "avg": 0.7299478260869565,
            "min": 0,
            "med": 0,
            "max": 12.818,
            "p(90)": 0,
            "p(95)": 8.2494
        },
        "http_req_sending": {
            "p(95)": 0.06064999999999997,
            "avg": 0.04279130434782607,
            "min": 0.007,
            "med": 0.045,
            "max": 0.112,
            "p(90)": 0.0551
        },
        "http_req_receiving": {
            "p(95)": 7742.407399999999,
            "avg": 3445.7927521739125,
            "min": 309.062,
            "med": 2805.368,
            "max": 15300.36,
            "p(90)": 6796.893100000002
        },
        "iterations": {
            "count": 230,
            "rate": 3.6910179543470183
        },
        "http_req_duration": {
            "avg": 4318.445286956524,
            "min": 945.622,
            "med": 3749.3375,
            "max": 15996.532,
            "p(90)": 8070.8481,
            "p(95)": 8769.2382
        },
        "data_sent": {
            "count": 20700,
            "rate": 332.19161589123166
        },
        "http_req_tls_handshaking": {
            "max": 0,
            "p(90)": 0,
            "p(95)": 0,
            "avg": 0,
            "min": 0,
            "med": 0
        },
        "http_req_failed": {
            "fails": 230,
            "passes": 0,
            "value": 0
        },
        "data_received": {
            "count": 181456660,
            "rate": 2911999.0869384455
        },
        "vus_max": {
            "value": 20,
            "min": 20,
            "max": 20
        },
        "http_req_blocked": {
            "p(90)": 0.025100000000000008,
            "p(95)": 8.276399999999999,
            "avg": 0.7452391304347807,
            "min": 0.004,
            "med": 0.014,
            "max": 12.877
        },
        "http_req_waiting": {
            "avg": 872.6097434782614,
            "min": 276.908,
            "med": 665.158,
            "max": 3743.057,
            "p(90)": 1348.9370000000001,
            "p(95)": 2240.4296999999997
        },
        "http_reqs": {
            "count": 230,
            "rate": 3.6910179543470183
        }
    },
    "root_group": {
        "name": "",
        "path": "",
        "id": "d41d8cd98f00b204e9800998ecf8427e",
        "groups": {},
        "checks": {
                "returns HTTP 200": {
                    "name": "returns HTTP 200",
                    "path": "::returns HTTP 200",
                    "id": "3ac61b617c259842ec196bf588f07e18",
                    "passes": 230,
                    "fails": 0
                }
            }
    }
}