{
    "metrics": {
        "http_req_receiving": {
            "med": 1148.293,
            "max": 5574.065,
            "p(90)": 2703.1108000000004,
            "p(95)": 3227.1205999999997,
            "avg": 1410.4005207373266,
            "min": 178.963
        },
        "data_received": {
            "count": 171200414,
            "rate": 2762050.326952077
        },
        "http_req_waiting": {
            "avg": 401.51405529953934,
            "min": 130.88,
            "med": 325.967,
            "max": 1604.363,
            "p(90)": 705.2302,
            "p(95)": 919.1497999999997
        },
        "http_req_duration{expected_response:true}": {
            "avg": 1811.9572995391686,
            "min": 422.267,
            "med": 1548.391,
            "max": 6015.387,
            "p(90)": 3398.085,
            "p(95)": 4005.0503999999996
        },
        "http_reqs": {
            "count": 217,
            "rate": 3.5009548572037956
        },
        "http_req_tls_handshaking": {
            "med": 0,
            "max": 0,
            "p(90)": 0,
            "p(95)": 0,
            "avg": 0,
            "min": 0
        },
        "vus": {
            "max": 10,
            "value": 5,
            "min": 5
        },
        "http_req_blocked": {
            "max": 11.949,
            "p(90)": 0.017,
            "p(95)": 0.031199999999999894,
            "avg": 0.5362949308755766,
            "min": 0.005,
            "med": 0.013
        },
        "http_req_duration": {
            "max": 6015.387,
            "p(90)": 3398.085,
            "p(95)": 4005.0503999999996,
            "avg": 1811.9572995391686,
            "min": 422.267,
            "med": 1548.391
        },
        "http_req_connecting": {
            "avg": 0.5211290322580645,
            "min": 0,
            "med": 0,
            "max": 11.923,
            "p(90)": 0,
            "p(95)": 0
        },
        "http_req_sending": {
            "max": 0.109,
            "p(90)": 0.054400000000000004,
            "p(95)": 0.058199999999999995,
            "avg": 0.042723502304147454,
            "min": 0.008,
            "med": 0.044
        },
        "iterations": {
            "count": 217,
            "rate": 3.5009548572037956
        },
        "data_sent": {
            "count": 19530,
            "rate": 315.0859371483416
        },
        "vus_max": {
            "value": 10,
            "min": 10,
            "max": 10
        },
        "http_req_failed": {
            "passes": 0,
            "fails": 217,
            "value": 0
        },
        "checks": {
            "passes": 217,
            "fails": 0,
            "thresholds": {
                "rate==1": false
            },
            "value": 1
        },
        "iteration_duration": {
            "med": 2549.584875,
            "max": 7016.606958,
            "p(90)": 4404.2881412,
            "p(95)": 5005.985367,
            "avg": 2813.570689663593,
            "min": 1422.711667
        }
    },
    "root_group": {
        "name": "",
        "path": "",
        "id": "d41d8cd98f00b204e9800998ecf8427e",
        "groups": {},
        "checks": {
                "returns HTTP 200": {
                    "name": "returns HTTP 200",
                    "path": "::returns HTTP 200",
                    "id": "3ac61b617c259842ec196bf588f07e18",
                    "passes": 217,
                    "fails": 0
                }
            }
    }
}