{
    "root_group": {
        "groups": {},
        "checks": {
                "returns HTTP 200": {
                    "path": "::returns HTTP 200",
                    "id": "3ac61b617c259842ec196bf588f07e18",
                    "passes": 295,
                    "fails": 0,
                    "name": "returns HTTP 200"
                }
            },
        "name": "",
        "path": "",
        "id": "d41d8cd98f00b204e9800998ecf8427e"
    },
    "metrics": {
        "http_req_connecting": {
            "p(95)": 0,
            "avg": 0.296471186440678,
            "min": 0,
            "med": 0,
            "max": 17.622,
            "p(90)": 0
        },
        "http_req_tls_handshaking": {
            "max": 0,
            "p(90)": 0,
            "p(95)": 0,
            "avg": 0,
            "min": 0,
            "med": 0
        },
        "iteration_duration": {
            "med": 1022.312916,
            "max": 1300.8885,
            "p(90)": 1043.8415750000001,
            "p(95)": 1056.3017912,
            "avg": 1027.2388713288137,
            "min": 1012.681209
        },
        "http_req_duration{expected_response:true}": {
            "avg": 25.813281355932208,
            "min": 11.746,
            "med": 21.14,
            "max": 299.386,
            "p(90)": 41.8858,
            "p(95)": 49.12179999999998
        },
        "http_req_failed": {
            "passes": 0,
            "fails": 295,
            "value": 0
        },
        "http_req_duration": {
            "avg": 25.813281355932208,
            "min": 11.746,
            "med": 21.14,
            "max": 299.386,
            "p(90)": 41.8858,
            "p(95)": 49.12179999999998
        },
        "vus": {
            "value": 5,
            "min": 5,
            "max": 5
        },
        "http_req_sending": {
            "avg": 0.04066101694915255,
            "min": 0.009,
            "med": 0.04,
            "max": 0.118,
            "p(90)": 0.05460000000000001,
            "p(95)": 0.06
        },
        "http_req_blocked": {
            "p(90)": 0.016600000000000007,
            "p(95)": 0.020299999999999988,
            "avg": 0.30967118644067876,
            "min": 0.002,
            "med": 0.011,
            "max": 17.64
        },
        "checks": {
            "passes": 295,
            "fails": 0,
            "thresholds": {
                "rate==1": false
            },
            "value": 1
        },
        "http_req_waiting": {
            "avg": 25.40407796610169,
            "min": 11.609,
            "med": 20.869,
            "max": 299.171,
            "p(90)": 41.3102,
            "p(95)": 47.085599999999964
        },
        "http_req_receiving": {
            "min": 0.015,
            "med": 0.136,
            "max": 9.907,
            "p(90)": 0.22900000000000006,
            "p(95)": 1.6096999999999992,
            "avg": 0.3685423728813564
        },
        "vus_max": {
            "value": 5,
            "min": 5,
            "max": 5
        },
        "data_sent": {
            "count": 28910,
            "rate": 492.0300157711704
        },
        "http_reqs": {
            "count": 295,
            "rate": 5.020714446644596
        },
        "iterations": {
            "rate": 5.020714446644596,
            "count": 295
        },
        "data_received": {
            "count": 575545,
            "rate": 9795.413885403606
        }
    }
}