{
    "metrics": {
        "http_req_tls_handshaking": {
            "p(95)": 0,
            "avg": 0,
            "min": 0,
            "med": 0,
            "max": 0,
            "p(90)": 0
        },
        "http_req_waiting": {
            "min": 12.473,
            "med": 18.46,
            "max": 70.093,
            "p(90)": 35.20900000000001,
            "p(95)": 46.44349999999999,
            "avg": 23.03991525423729
        },
        "vus": {
            "min": 1,
            "max": 1,
            "value": 1
        },
        "vus_max": {
            "max": 1,
            "value": 1,
            "min": 1
        },
        "http_reqs": {
            "count": 59,
            "rate": 0.9753084466687209
        },
        "http_req_sending": {
            "max": 0.076,
            "p(90)": 0.0632,
            "p(95)": 0.0662,
            "avg": 0.04944067796610169,
            "min": 0.024,
            "med": 0.05
        },
        "checks": {
            "passes": 59,
            "fails": 0,
            "thresholds": {
                "rate==1": false
            },
            "value": 1
        },
        "http_req_duration{expected_response:true}": {
            "min": 12.749,
            "med": 19.377,
            "max": 70.335,
            "p(90)": 43.293200000000006,
            "p(95)": 49.613099999999996,
            "avg": 23.65969491525424
        },
        "data_sent": {
            "count": 5782,
            "rate": 95.58022777353465
        },
        "http_req_blocked": {
            "p(95)": 0.01829999999999999,
            "avg": 0.21596610169491526,
            "min": 0.006,
            "med": 0.014,
            "max": 11.962,
            "p(90)": 0.017
        },
        "http_req_connecting": {
            "avg": 0.20191525423728815,
            "min": 0,
            "med": 0,
            "max": 11.913,
            "p(90)": 0,
            "p(95)": 0
        },
        "http_req_failed": {
            "passes": 0,
            "fails": 59,
            "value": 0
        },
        "data_received": {
            "count": 115109,
            "rate": 1902.8267794506744
        },
        "http_req_duration": {
            "avg": 23.65969491525424,
            "min": 12.749,
            "med": 19.377,
            "max": 70.335,
            "p(90)": 43.293200000000006,
            "p(95)": 49.613099999999996
        },
        "http_req_receiving": {
            "avg": 0.5703389830508474,
            "min": 0.049,
            "med": 0.187,
            "max": 18.506,
            "p(90)": 0.287,
            "p(95)": 0.5432999999999948
        },
        "iteration_duration": {
            "avg": 1025.227336847458,
            "min": 1014.2365,
            "med": 1021.226083,
            "max": 1071.501959,
            "p(90)": 1044.7786586,
            "p(95)": 1051.0667955000001
        },
        "iterations": {
            "rate": 0.9753084466687209,
            "count": 59
        }
    },
    "root_group": {
        "name": "",
        "path": "",
        "id": "d41d8cd98f00b204e9800998ecf8427e",
        "groups": {},
        "checks": {
                "returns HTTP 200": {
                    "name": "returns HTTP 200",
                    "path": "::returns HTTP 200",
                    "id": "3ac61b617c259842ec196bf588f07e18",
                    "passes": 59,
                    "fails": 0
                }
            }
    }
}