{
    "root_group": {
        "name": "",
        "path": "",
        "id": "d41d8cd98f00b204e9800998ecf8427e",
        "groups": {},
        "checks": {
                "returns HTTP 200": {
                    "path": "::returns HTTP 200",
                    "id": "3ac61b617c259842ec196bf588f07e18",
                    "passes": 1173,
                    "fails": 0,
                    "name": "returns HTTP 200"
                }
            }
    },
    "metrics": {
        "http_req_waiting": {
            "avg": 29.14628303495313,
            "min": 10.239,
            "med": 20.062,
            "max": 289.689,
            "p(90)": 42.221000000000004,
            "p(95)": 76.01939999999998
        },
        "vus": {
            "value": 20,
            "min": 20,
            "max": 20
        },
        "http_req_connecting": {
            "p(95)": 0,
            "avg": 0.21814492753623185,
            "min": 0,
            "med": 0,
            "max": 14.885,
            "p(90)": 0
        },
        "http_req_sending": {
            "p(95)": 0.05,
            "avg": 0.030982097186700683,
            "min": 0.007,
            "med": 0.029,
            "max": 0.258,
            "p(90)": 0.04580000000000003
        },
        "vus_max": {
            "value": 20,
            "min": 20,
            "max": 20
        },
        "http_req_blocked": {
            "avg": 0.2282898550724611,
            "min": 0.003,
            "med": 0.009,
            "max": 14.925,
            "p(90)": 0.014,
            "p(95)": 0.015
        },
        "checks": {
            "passes": 1173,
            "fails": 0,
            "thresholds": {
                "rate==1": false
            },
            "value": 1
        },
        "http_reqs": {
            "count": 1173,
            "rate": 19.2794606471446
        },
        "http_req_receiving": {
            "med": 0.096,
            "max": 359.31,
            "p(90)": 0.5232000000000001,
            "p(95)": 1.557399999999999,
            "avg": 0.7540937766410915,
            "min": 0.021
        },
        "http_req_failed": {
            "passes": 0,
            "fails": 1173,
            "value": 0
        },
        "http_req_duration{expected_response:true}": {
            "med": 20.451,
            "max": 401.494,
            "p(90)": 43.411,
            "p(95)": 80.15279999999994,
            "avg": 29.931358908780926,
            "min": 10.361
        },
        "data_sent": {
            "count": 114954,
            "rate": 1889.3871434201708
        },
        "data_received": {
            "count": 2288523,
            "rate": 37614.22772257911
        },
        "iteration_duration": {
            "min": 1011.075167,
            "med": 1021.727167,
            "max": 1403.545917,
            "p(90)": 1044.2600336,
            "p(95)": 1081.8267501999999,
            "avg": 1031.4912346138099
        },
        "http_req_tls_handshaking": {
            "p(95)": 0,
            "avg": 0,
            "min": 0,
            "med": 0,
            "max": 0,
            "p(90)": 0
        },
        "iterations": {
            "count": 1173,
            "rate": 19.2794606471446
        },
        "http_req_duration": {
            "avg": 29.931358908780926,
            "min": 10.361,
            "med": 20.451,
            "max": 401.494,
            "p(90)": 43.411,
            "p(95)": 80.15279999999994
        }
    }
}