{
    "metrics": {
        "checks": {
            "passes": 295,
            "fails": 0,
            "thresholds": {
                "rate==1": false
            },
            "value": 1
        },
        "http_req_receiving": {
            "min": 0.021,
            "med": 0.11,
            "max": 244.564,
            "p(90)": 0.4446000000000001,
            "p(95)": 1.6572999999999998,
            "avg": 2.2778677966101695
        },
        "vus_max": {
            "value": 5,
            "min": 5,
            "max": 5
        },
        "data_received": {
            "count": 575545,
            "rate": 9469.788274722367
        },
        "iterations": {
            "count": 295,
            "rate": 4.853812544706493
        },
        "http_req_duration{expected_response:true}": {
            "med": 21.076,
            "max": 276.565,
            "p(90)": 33.9936,
            "p(95)": 46.031599999999905,
            "avg": 28.205138983050865,
            "min": 12.122
        },
        "http_req_tls_handshaking": {
            "p(90)": 0,
            "p(95)": 0,
            "avg": 0,
            "min": 0,
            "med": 0,
            "max": 0
        },
        "http_req_sending": {
            "avg": 0.034867796610169484,
            "min": 0.01,
            "med": 0.033,
            "max": 0.204,
            "p(90)": 0.049,
            "p(95)": 0.05759999999999998
        },
        "http_req_failed": {
            "passes": 0,
            "fails": 295,
            "value": 0
        },
        "http_req_connecting": {
            "min": 0,
            "med": 0,
            "max": 12.878,
            "p(90)": 0,
            "p(95)": 0,
            "avg": 0.2130576271186441
        },
        "http_reqs": {
            "rate": 4.853812544706493,
            "count": 295
        },
        "vus": {
            "value": 5,
            "min": 5,
            "max": 5
        },
        "http_req_blocked": {
            "med": 0.01,
            "max": 12.911,
            "p(90)": 0.015,
            "p(95)": 0.01729999999999999,
            "avg": 0.2253830508474581,
            "min": 0.003
        },
        "iteration_duration": {
            "max": 1277.832167,
            "p(90)": 1036.0566172,
            "p(95)": 1050.4885708,
            "avg": 1029.8239051932203,
            "min": 1013.178625,
            "med": 1022.840541
        },
        "data_sent": {
            "count": 28910,
            "rate": 475.6736293812363
        },
        "http_req_duration": {
            "p(95)": 46.031599999999905,
            "avg": 28.205138983050865,
            "min": 12.122,
            "med": 21.076,
            "max": 276.565,
            "p(90)": 33.9936
        },
        "http_req_waiting": {
            "p(95)": 38.509,
            "avg": 25.89240338983053,
            "min": 11.928,
            "med": 20.734,
            "max": 255.343,
            "p(90)": 32.574799999999996
        }
    },
    "root_group": {
        "name": "",
        "path": "",
        "id": "d41d8cd98f00b204e9800998ecf8427e",
        "groups": {},
        "checks": {
                "returns HTTP 200": {
                    "name": "returns HTTP 200",
                    "path": "::returns HTTP 200",
                    "id": "3ac61b617c259842ec196bf588f07e18",
                    "passes": 295,
                    "fails": 0
                }
            }
    }
}