{
    "root_group": {
        "name": "",
        "path": "",
        "id": "d41d8cd98f00b204e9800998ecf8427e",
        "groups": {},
        "checks": {
                "returns HTTP 200": {
                    "id": "3ac61b617c259842ec196bf588f07e18",
                    "passes": 1180,
                    "fails": 0,
                    "name": "returns HTTP 200",
                    "path": "::returns HTTP 200"
                }
            }
    },
    "metrics": {
        "iterations": {
            "count": 1180,
            "rate": 19.401775518958033
        },
        "http_req_connecting": {
            "avg": 0.2182677966101695,
            "min": 0,
            "med": 0,
            "max": 13.63,
            "p(90)": 0,
            "p(95)": 0
        },
        "data_received": {
            "count": 2302180,
            "rate": 37852.864037487125
        },
        "http_req_duration": {
            "avg": 26.676233898305107,
            "min": 10.406,
            "med": 21.6565,
            "max": 185.203,
            "p(90)": 44.3617,
            "p(95)": 54.42239999999998
        },
        "http_req_duration{expected_response:true}": {
            "p(90)": 44.3617,
            "p(95)": 54.42239999999998,
            "avg": 26.676233898305107,
            "min": 10.406,
            "med": 21.6565,
            "max": 185.203
        },
        "vus_max": {
            "value": 20,
            "min": 20,
            "max": 20
        },
        "http_req_waiting": {
            "p(95)": 53.08124999999997,
            "avg": 26.169144915254282,
            "min": 10.259,
            "med": 21.4285,
            "max": 178.639,
            "p(90)": 43.289100000000005
        },
        "http_req_receiving": {
            "max": 161.091,
            "p(90)": 0.4562000000000006,
            "p(95)": 1.448749999999999,
            "avg": 0.4787805084745762,
            "min": 0.011,
            "med": 0.083
        },
        "data_sent": {
            "rate": 1901.3740008578873,
            "count": 115640
        },
        "http_req_failed": {
            "passes": 0,
            "fails": 1180,
            "value": 0
        },
        "iteration_duration": {
            "avg": 1028.0088616406777,
            "min": 1011.16475,
            "med": 1022.7758335,
            "max": 1185.507459,
            "p(90)": 1046.1960042,
            "p(95)": 1056.3278229500002
        },
        "checks": {
            "passes": 1180,
            "fails": 0,
            "thresholds": {
                "rate==1": false
            },
            "value": 1
        },
        "http_req_sending": {
            "max": 1.685,
            "p(90)": 0.041100000000000025,
            "p(95)": 0.048,
            "avg": 0.028308474576271135,
            "min": 0.004,
            "med": 0.024
        },
        "http_reqs": {
            "count": 1180,
            "rate": 19.401775518958033
        },
        "http_req_blocked": {
            "avg": 0.22754576271186192,
            "min": 0.001,
            "med": 0.008,
            "max": 13.692,
            "p(90)": 0.014,
            "p(95)": 0.015
        },
        "http_req_tls_handshaking": {
            "p(95)": 0,
            "avg": 0,
            "min": 0,
            "med": 0,
            "max": 0,
            "p(90)": 0
        },
        "vus": {
            "value": 20,
            "min": 20,
            "max": 20
        }
    }
}