{
    "root_group": {
        "path": "",
        "id": "d41d8cd98f00b204e9800998ecf8427e",
        "groups": {},
        "checks": {
                "returns HTTP 200": {
                    "name": "returns HTTP 200",
                    "path": "::returns HTTP 200",
                    "id": "3ac61b617c259842ec196bf588f07e18",
                    "passes": 590,
                    "fails": 0
                }
            },
        "name": ""
    },
    "metrics": {
        "vus_max": {
            "value": 10,
            "min": 10,
            "max": 10
        },
        "http_req_connecting": {
            "avg": 0.18242372881355934,
            "min": 0,
            "med": 0,
            "max": 12.135,
            "p(90)": 0,
            "p(95)": 0
        },
        "data_sent": {
            "count": 57820,
            "rate": 957.5081022209287
        },
        "vus": {
            "value": 10,
            "min": 10,
            "max": 10
        },
        "iteration_duration": {
            "p(95)": 1044.7293169999998,
            "avg": 1022.9785036762717,
            "min": 1011.196417,
            "med": 1020.1782499999999,
            "max": 1079.639,
            "p(90)": 1034.6073371999998
        },
        "http_req_sending": {
            "avg": 0.031105084745762693,
            "min": 0.007,
            "med": 0.03,
            "max": 0.194,
            "p(90)": 0.045,
            "p(95)": 0.05354999999999997
        },
        "http_req_duration{expected_response:true}": {
            "avg": 21.471823728813565,
            "min": 10.538,
            "med": 18.622,
            "max": 78.991,
            "p(90)": 32.8317,
            "p(95)": 41.53819999999999
        },
        "http_req_duration": {
            "med": 18.622,
            "max": 78.991,
            "p(90)": 32.8317,
            "p(95)": 41.53819999999999,
            "avg": 21.471823728813565,
            "min": 10.538
        },
        "http_reqs": {
            "count": 590,
            "rate": 9.770490838989067
        },
        "http_req_waiting": {
            "med": 18.240499999999997,
            "max": 78.878,
            "p(90)": 31.846700000000002,
            "p(95)": 40.55219999999999,
            "avg": 21.02642542372883,
            "min": 10.451
        },
        "http_req_receiving": {
            "avg": 0.41429322033898325,
            "min": 0.013,
            "med": 0.097,
            "max": 34.635,
            "p(90)": 0.5035000000000001,
            "p(95)": 1.632549999999998
        },
        "http_req_blocked": {
            "avg": 0.19223559322033926,
            "min": 0.002,
            "med": 0.009,
            "max": 12.185,
            "p(90)": 0.014,
            "p(95)": 0.015549999999999974
        },
        "data_received": {
            "rate": 19062.227626867672,
            "count": 1151090
        },
        "http_req_tls_handshaking": {
            "avg": 0,
            "min": 0,
            "med": 0,
            "max": 0,
            "p(90)": 0,
            "p(95)": 0
        },
        "iterations": {
            "count": 590,
            "rate": 9.770490838989067
        },
        "checks": {
            "passes": 590,
            "fails": 0,
            "thresholds": {
                "rate==1": false
            },
            "value": 1
        },
        "http_req_failed": {
            "passes": 0,
            "fails": 590,
            "value": 0
        }
    }
}