{
    "metrics": {
        "http_req_connecting": {
            "avg": 0.28693220338983055,
            "min": 0,
            "med": 0,
            "max": 17.017,
            "p(90)": 0,
            "p(95)": 0
        },
        "http_req_receiving": {
            "med": 0.105,
            "max": 5.535,
            "p(90)": 0.48200000000000004,
            "p(95)": 1.5652999999999997,
            "avg": 0.2978474576271185,
            "min": 0.024
        },
        "vus": {
            "value": 5,
            "min": 5,
            "max": 5
        },
        "http_req_duration": {
            "med": 20.193,
            "max": 101.259,
            "p(90)": 30.905800000000003,
            "p(95)": 35.24389999999998,
            "avg": 22.18029152542372,
            "min": 11.269
        },
        "http_req_tls_handshaking": {
            "p(95)": 0,
            "avg": 0,
            "min": 0,
            "med": 0,
            "max": 0,
            "p(90)": 0
        },
        "checks": {
            "passes": 295,
            "fails": 0,
            "thresholds": {
                "rate==1": false
            },
            "value": 1
        },
        "iteration_duration": {
            "avg": 1023.7884716508486,
            "min": 1012.033958,
            "med": 1021.495125,
            "max": 1103.569334,
            "p(90)": 1032.2665666,
            "p(95)": 1038.723692
        },
        "http_req_duration{expected_response:true}": {
            "p(90)": 30.905800000000003,
            "p(95)": 35.24389999999998,
            "avg": 22.18029152542372,
            "min": 11.269,
            "med": 20.193,
            "max": 101.259
        },
        "http_req_failed": {
            "passes": 0,
            "fails": 295,
            "value": 0
        },
        "http_reqs": {
            "count": 295,
            "rate": 4.88265563369662
        },
        "vus_max": {
            "min": 5,
            "max": 5,
            "value": 5
        },
        "data_received": {
            "rate": 9526.061141342107,
            "count": 575545
        },
        "http_req_sending": {
            "p(90)": 0.05,
            "p(95)": 0.058,
            "avg": 0.03616271186440677,
            "min": 0.01,
            "med": 0.032,
            "max": 0.484
        },
        "http_req_waiting": {
            "avg": 21.846281355932206,
            "min": 11.121,
            "med": 19.949,
            "max": 99.439,
            "p(90)": 29.907000000000007,
            "p(95)": 34.69629999999999
        },
        "data_sent": {
            "count": 28910,
            "rate": 478.50025210226875
        },
        "iterations": {
            "count": 295,
            "rate": 4.88265563369662
        },
        "http_req_blocked": {
            "p(90)": 0.014,
            "p(95)": 0.016,
            "avg": 0.29715932203389844,
            "min": 0.003,
            "med": 0.009,
            "max": 17.054
        }
    },
    "root_group": {
        "name": "",
        "path": "",
        "id": "d41d8cd98f00b204e9800998ecf8427e",
        "groups": {},
        "checks": {
                "returns HTTP 200": {
                    "fails": 0,
                    "name": "returns HTTP 200",
                    "path": "::returns HTTP 200",
                    "id": "3ac61b617c259842ec196bf588f07e18",
                    "passes": 295
                }
            }
    }
}