{
    "metrics": {
        "http_req_receiving": {
            "max": 336.362,
            "p(90)": 0.7850000000000008,
            "p(95)": 2.095999999999999,
            "avg": 0.8861765042979937,
            "min": 0.011,
            "med": 0.08
        },
        "http_req_tls_handshaking": {
            "avg": 0,
            "min": 0,
            "med": 0,
            "max": 0,
            "p(90)": 0,
            "p(95)": 0
        },
        "http_req_failed": {
            "passes": 0,
            "fails": 1745,
            "value": 0
        },
        "data_sent": {
            "rate": 2809.4229633174396,
            "count": 171010
        },
        "http_req_duration{expected_response:true}": {
            "med": 24.445,
            "max": 375.794,
            "p(90)": 79.20460000000001,
            "p(95)": 164.04579999999999,
            "avg": 41.11924469914039,
            "min": 9.557
        },
        "http_req_waiting": {
            "p(95)": 163.37079999999983,
            "avg": 40.20740630372494,
            "min": 9.484,
            "med": 23.941,
            "max": 374.36,
            "p(90)": 76.7342
        },
        "http_req_blocked": {
            "avg": 0.24109627507163034,
            "min": 0.002,
            "med": 0.007,
            "max": 14.598,
            "p(90)": 0.012,
            "p(95)": 0.014
        },
        "data_received": {
            "count": 3404495,
            "rate": 55930.45103502372
        },
        "http_reqs": {
            "count": 1745,
            "rate": 28.66758125834122
        },
        "checks": {
            "passes": 1745,
            "fails": 0,
            "thresholds": {
                "rate==1": false
            },
            "value": 1
        },
        "http_req_connecting": {
            "avg": 0.23283037249283667,
            "min": 0,
            "med": 0,
            "max": 14.573,
            "p(90)": 0,
            "p(95)": 0
        },
        "iterations": {
            "count": 1745,
            "rate": 28.66758125834122
        },
        "http_req_sending": {
            "med": 0.024,
            "max": 0.255,
            "p(90)": 0.039,
            "p(95)": 0.045,
            "avg": 0.02566189111747857,
            "min": 0.005
        },
        "vus": {
            "value": 30,
            "min": 30,
            "max": 30
        },
        "http_req_duration": {
            "avg": 41.11924469914039,
            "min": 9.557,
            "med": 24.445,
            "max": 375.794,
            "p(90)": 79.20460000000001,
            "p(95)": 164.04579999999999
        },
        "vus_max": {
            "value": 30,
            "min": 30,
            "max": 30
        },
        "iteration_duration": {
            "p(90)": 1084.2021164,
            "p(95)": 1165.4079336,
            "avg": 1042.2543787713455,
            "min": 1010.282333,
            "med": 1025.289625,
            "max": 1377.151292
        }
    },
    "root_group": {
        "path": "",
        "id": "d41d8cd98f00b204e9800998ecf8427e",
        "groups": {},
        "checks": {
                "returns HTTP 200": {
                    "id": "3ac61b617c259842ec196bf588f07e18",
                    "passes": 1745,
                    "fails": 0,
                    "name": "returns HTTP 200",
                    "path": "::returns HTTP 200"
                }
            },
        "name": ""
    }
}