{
    "root_group": {
        "path": "",
        "id": "d41d8cd98f00b204e9800998ecf8427e",
        "groups": {},
        "checks": {
                "returns HTTP 200": {
                    "name": "returns HTTP 200",
                    "path": "::returns HTTP 200",
                    "id": "3ac61b617c259842ec196bf588f07e18",
                    "passes": 590,
                    "fails": 0
                }
            },
        "name": ""
    },
    "metrics": {
        "http_req_duration{expected_response:true}": {
            "avg": 23.658949152542345,
            "min": 10.35,
            "med": 19.5975,
            "max": 369.739,
            "p(90)": 32.59490000000001,
            "p(95)": 40.563599999999994
        },
        "data_sent": {
            "count": 57820,
            "rate": 951.0096788508408
        },
        "http_req_connecting": {
            "max": 10.646,
            "p(90)": 0,
            "p(95)": 0,
            "avg": 0.17662542372881354,
            "min": 0,
            "med": 0
        },
        "http_req_blocked": {
            "max": 10.684,
            "p(90)": 0.014,
            "p(95)": 0.016,
            "avg": 0.18664406779661052,
            "min": 0.004,
            "med": 0.009
        },
        "http_req_receiving": {
            "max": 36.883,
            "p(90)": 0.20210000000000003,
            "p(95)": 1.6407499999999993,
            "avg": 0.3873372881355931,
            "min": 0.014,
            "med": 0.0945
        },
        "http_req_sending": {
            "min": 0.007,
            "med": 0.03,
            "max": 0.147,
            "p(90)": 0.046,
            "p(95)": 0.05154999999999997,
            "avg": 0.031199999999999978
        },
        "http_req_duration": {
            "avg": 23.658949152542345,
            "min": 10.35,
            "med": 19.5975,
            "max": 369.739,
            "p(90)": 32.59490000000001,
            "p(95)": 40.563599999999994
        },
        "vus_max": {
            "max": 10,
            "value": 10,
            "min": 10
        },
        "http_req_failed": {
            "passes": 0,
            "fails": 590,
            "value": 0
        },
        "checks": {
            "passes": 590,
            "fails": 0,
            "thresholds": {
                "rate==1": false
            },
            "value": 1
        },
        "vus": {
            "value": 10,
            "min": 10,
            "max": 10
        },
        "data_received": {
            "count": 1151090,
            "rate": 18932.85595344888
        },
        "iteration_duration": {
            "p(95)": 1044.353275,
            "avg": 1025.113360728815,
            "min": 1011.595375,
            "med": 1020.9659375,
            "max": 1370.941958,
            "p(90)": 1033.9057583000001
        },
        "iterations": {
            "rate": 9.70418039643715,
            "count": 590
        },
        "http_req_waiting": {
            "avg": 23.240411864406756,
            "min": 10.223,
            "med": 19.3035,
            "max": 359.175,
            "p(90)": 31.72460000000001,
            "p(95)": 39.50249999999999
        },
        "http_req_tls_handshaking": {
            "p(95)": 0,
            "avg": 0,
            "min": 0,
            "med": 0,
            "max": 0,
            "p(90)": 0
        },
        "http_reqs": {
            "count": 590,
            "rate": 9.70418039643715
        }
    }
}