{
    "root_group": {
        "path": "",
        "id": "d41d8cd98f00b204e9800998ecf8427e",
        "groups": {},
        "checks": {
                "returns HTTP 200": {
                    "passes": 1736,
                    "fails": 0,
                    "name": "returns HTTP 200",
                    "path": "::returns HTTP 200",
                    "id": "3ac61b617c259842ec196bf588f07e18"
                }
            },
        "name": ""
    },
    "metrics": {
        "data_sent": {
            "count": 170128,
            "rate": 1944.28795813445
        },
        "iterations": {
            "count": 1736,
            "rate": 19.839673042188267
        },
        "checks": {
            "passes": 1736,
            "fails": 0,
            "thresholds": {
                "rate==1": false
            },
            "value": 1
        },
        "http_req_waiting": {
            "min": 10.211,
            "med": 26.1695,
            "max": 687.278,
            "p(90)": 97.01200000000001,
            "p(95)": 153.27374999999986,
            "avg": 46.798403801843385
        },
        "http_req_duration": {
            "med": 26.616999999999997,
            "max": 687.475,
            "p(90)": 98.56400000000002,
            "p(95)": 157.44824999999986,
            "avg": 47.438101958525266,
            "min": 10.305
        },
        "http_req_sending": {
            "min": 0.002,
            "med": 0.021,
            "max": 1.056,
            "p(90)": 0.041,
            "p(95)": 0.05,
            "avg": 0.026401497695852635
        },
        "vus": {
            "value": 30,
            "min": 30,
            "max": 30
        },
        "iteration_duration": {
            "min": 1010.85925,
            "med": 1027.983042,
            "max": 1688.886,
            "p(90)": 1100.848208,
            "p(95)": 1161.2709369999998,
            "avg": 1049.4058879418205
        },
        "http_req_blocked": {
            "p(95)": 0.016,
            "avg": 0.23874423963133345,
            "min": 0,
            "med": 0.007,
            "max": 14.857,
            "p(90)": 0.012
        },
        "http_req_tls_handshaking": {
            "max": 0,
            "p(90)": 0,
            "p(95)": 0,
            "avg": 0,
            "min": 0,
            "med": 0
        },
        "data_received": {
            "count": 3386936,
            "rate": 38707.202105309305
        },
        "http_req_failed": {
            "passes": 0,
            "fails": 1736,
            "value": 0
        },
        "http_req_connecting": {
            "avg": 0.2296054147465438,
            "min": 0,
            "med": 0,
            "max": 14.788,
            "p(90)": 0,
            "p(95)": 0
        },
        "vus_max": {
            "value": 30,
            "min": 30,
            "max": 30
        },
        "http_reqs": {
            "count": 1736,
            "rate": 19.839673042188267
        },
        "http_req_duration{expected_response:true}": {
            "avg": 47.438101958525266,
            "min": 10.305,
            "med": 26.616999999999997,
            "max": 687.475,
            "p(90)": 98.56400000000002,
            "p(95)": 157.44824999999986
        },
        "http_req_receiving": {
            "p(95)": 2.3119999999999985,
            "avg": 0.6132966589861761,
            "min": 0.007,
            "med": 0.079,
            "max": 132.477,
            "p(90)": 0.8805000000000001
        }
    }
}