{
    "root_group": {
        "name": "",
        "path": "",
        "id": "d41d8cd98f00b204e9800998ecf8427e",
        "groups": {},
        "checks": {
                "returns HTTP 200": {
                    "passes": 1178,
                    "fails": 0,
                    "name": "returns HTTP 200",
                    "path": "::returns HTTP 200",
                    "id": "3ac61b617c259842ec196bf588f07e18"
                }
            }
    },
    "metrics": {
        "http_req_tls_handshaking": {
            "med": 0,
            "max": 0,
            "p(90)": 0,
            "p(95)": 0,
            "avg": 0,
            "min": 0
        },
        "http_req_sending": {
            "med": 0.027,
            "max": 0.622,
            "p(90)": 0.045,
            "p(95)": 0.05,
            "avg": 0.029705432937181586,
            "min": 0.006
        },
        "http_req_blocked": {
            "avg": 0.2174685908319175,
            "min": 0.003,
            "med": 0.009,
            "max": 14.663,
            "p(90)": 0.014,
            "p(95)": 0.016
        },
        "http_req_duration{expected_response:true}": {
            "min": 9.809,
            "med": 22.048000000000002,
            "max": 296.404,
            "p(90)": 45.5552,
            "p(95)": 59.079599999999964,
            "avg": 28.592681663837016
        },
        "http_req_connecting": {
            "min": 0,
            "med": 0,
            "max": 14.615,
            "p(90)": 0,
            "p(95)": 0,
            "avg": 0.20759847198641768
        },
        "http_req_waiting": {
            "avg": 28.155989813242787,
            "min": 9.721,
            "med": 21.621000000000002,
            "max": 290.501,
            "p(90)": 44.37120000000001,
            "p(95)": 58.75914999999999
        },
        "iterations": {
            "count": 1178,
            "rate": 19.355707962129852
        },
        "vus_max": {
            "max": 20,
            "value": 20,
            "min": 20
        },
        "http_req_receiving": {
            "p(90)": 0.6974000000000001,
            "p(95)": 1.8096499999999962,
            "avg": 0.40698641765704596,
            "min": 0.017,
            "med": 0.091,
            "max": 15.325
        },
        "data_sent": {
            "count": 115444,
            "rate": 1896.8593802887253
        },
        "iteration_duration": {
            "avg": 1029.9640547903223,
            "min": 1010.533,
            "med": 1023.0205,
            "max": 1297.636458,
            "p(90)": 1046.8488546,
            "p(95)": 1060.79801425
        },
        "checks": {
            "fails": 0,
            "passes": 1178,
            "thresholds": {
                "rate==1": false
            },
            "value": 1
        },
        "http_req_duration": {
            "med": 22.048000000000002,
            "max": 296.404,
            "p(90)": 45.5552,
            "p(95)": 59.079599999999964,
            "avg": 28.592681663837016,
            "min": 9.809
        },
        "http_req_failed": {
            "passes": 0,
            "fails": 1178,
            "value": 0
        },
        "data_received": {
            "count": 2298278,
            "rate": 37762.98623411534
        },
        "vus": {
            "value": 20,
            "min": 20,
            "max": 20
        },
        "http_reqs": {
            "rate": 19.355707962129852,
            "count": 1178
        }
    }
}