{
    "metrics": {
        "iteration_duration": {
            "max": 1056.183667,
            "p(90)": 1030.1890252,
            "p(95)": 1034.2919078,
            "avg": 1024.487461881356,
            "min": 1015.301375,
            "med": 1023.908334
        },
        "iterations": {
            "count": 59,
            "rate": 0.9760334328837806
        },
        "http_req_sending": {
            "p(90)": 0.0632,
            "p(95)": 0.07159999999999998,
            "avg": 0.0561694915254237,
            "min": 0.012,
            "med": 0.047,
            "max": 0.591
        },
        "http_req_receiving": {
            "p(90)": 0.2154,
            "p(95)": 0.4471999999999972,
            "avg": 0.28338983050847466,
            "min": 0.062,
            "med": 0.176,
            "max": 4.374
        },
        "vus": {
            "value": 1,
            "min": 1,
            "max": 1
        },
        "http_req_duration{expected_response:true}": {
            "avg": 23.0665593220339,
            "min": 14.066,
            "med": 22.562,
            "max": 54.645,
            "p(90)": 27.469800000000003,
            "p(95)": 32.250099999999996
        },
        "http_req_blocked": {
            "min": 0.003,
            "med": 0.013,
            "max": 7.575,
            "p(90)": 0.019200000000000002,
            "p(95)": 0.029399999999999964,
            "avg": 0.14235593220338977
        },
        "http_req_failed": {
            "passes": 0,
            "fails": 59,
            "value": 0
        },
        "data_sent": {
            "count": 5782,
            "rate": 95.6512764226105
        },
        "checks": {
            "passes": 59,
            "fails": 0,
            "thresholds": {
                "rate==1": false
            },
            "value": 1
        },
        "vus_max": {
            "min": 1,
            "max": 1,
            "value": 1
        },
        "http_req_duration": {
            "p(90)": 27.469800000000003,
            "p(95)": 32.250099999999996,
            "avg": 23.0665593220339,
            "min": 14.066,
            "med": 22.562,
            "max": 54.645
        },
        "http_reqs": {
            "rate": 0.9760334328837806,
            "count": 59
        },
        "http_req_tls_handshaking": {
            "avg": 0,
            "min": 0,
            "med": 0,
            "max": 0,
            "p(90)": 0,
            "p(95)": 0
        },
        "http_req_waiting": {
            "max": 50.213,
            "p(90)": 27.2008,
            "p(95)": 32.063199999999995,
            "avg": 22.727,
            "min": 13.857,
            "med": 22.21
        },
        "http_req_connecting": {
            "med": 0,
            "max": 7.531,
            "p(90)": 0,
            "p(95)": 0,
            "avg": 0.12764406779661017,
            "min": 0
        },
        "data_received": {
            "count": 115109,
            "rate": 1904.241227556256
        }
    },
    "root_group": {
        "groups": {},
        "checks": {
                "returns HTTP 200": {
                    "name": "returns HTTP 200",
                    "path": "::returns HTTP 200",
                    "id": "3ac61b617c259842ec196bf588f07e18",
                    "passes": 59,
                    "fails": 0
                }
            },
        "name": "",
        "path": "",
        "id": "d41d8cd98f00b204e9800998ecf8427e"
    }
}