{
    "root_group": {
        "name": "",
        "path": "",
        "id": "d41d8cd98f00b204e9800998ecf8427e",
        "groups": {},
        "checks": {
                "returns HTTP 200": {
                    "name": "returns HTTP 200",
                    "path": "::returns HTTP 200",
                    "id": "3ac61b617c259842ec196bf588f07e18",
                    "passes": 59,
                    "fails": 0
                }
            }
    },
    "metrics": {
        "iteration_duration": {
            "p(95)": 1038.6707872,
            "avg": 1022.7116278305081,
            "min": 1013.92025,
            "med": 1020.202291,
            "max": 1051.460458,
            "p(90)": 1033.5696500000001
        },
        "http_req_duration{expected_response:true}": {
            "med": 17.914,
            "max": 48.957,
            "p(90)": 31.7248,
            "p(95)": 36.188599999999994,
            "avg": 20.512898305084747,
            "min": 12.666
        },
        "http_req_tls_handshaking": {
            "p(90)": 0,
            "p(95)": 0,
            "avg": 0,
            "min": 0,
            "med": 0,
            "max": 0
        },
        "data_received": {
            "rate": 1907.519325545949,
            "count": 115109
        },
        "http_reqs": {
            "count": 59,
            "rate": 0.9777136471276008
        },
        "http_req_duration": {
            "med": 17.914,
            "max": 48.957,
            "p(90)": 31.7248,
            "p(95)": 36.188599999999994,
            "avg": 20.512898305084747,
            "min": 12.666
        },
        "http_req_waiting": {
            "p(90)": 31.292,
            "p(95)": 35.8854,
            "avg": 20.284728813559326,
            "min": 12.442,
            "med": 17.695,
            "max": 48.724
        },
        "http_req_blocked": {
            "med": 0.014,
            "max": 14.437,
            "p(90)": 0.018,
            "p(95)": 0.029099999999999945,
            "avg": 0.2690508474576272,
            "min": 0.003
        },
        "http_req_receiving": {
            "avg": 0.1804576271186441,
            "min": 0.052,
            "med": 0.173,
            "max": 0.505,
            "p(90)": 0.2208,
            "p(95)": 0.24819999999999984
        },
        "iterations": {
            "count": 59,
            "rate": 0.9777136471276008
        },
        "http_req_failed": {
            "passes": 0,
            "fails": 59,
            "value": 0
        },
        "vus_max": {
            "value": 1,
            "min": 1,
            "max": 1
        },
        "data_sent": {
            "count": 5782,
            "rate": 95.81593741850487
        },
        "http_req_connecting": {
            "avg": 0.24389830508474578,
            "min": 0,
            "med": 0,
            "max": 14.39,
            "p(90)": 0,
            "p(95)": 0
        },
        "http_req_sending": {
            "med": 0.049,
            "max": 0.072,
            "p(90)": 0.058,
            "p(95)": 0.06129999999999999,
            "avg": 0.047711864406779665,
            "min": 0.011
        },
        "vus": {
            "value": 1,
            "min": 1,
            "max": 1
        },
        "checks": {
            "passes": 59,
            "fails": 0,
            "thresholds": {
                "rate==1": false
            },
            "value": 1
        }
    }
}