{
    "root_group": {
        "name": "",
        "path": "",
        "id": "d41d8cd98f00b204e9800998ecf8427e",
        "groups": {},
        "checks": {
                "returns HTTP 200": {
                    "name": "returns HTTP 200",
                    "path": "::returns HTTP 200",
                    "id": "3ac61b617c259842ec196bf588f07e18",
                    "passes": 59,
                    "fails": 0
                }
            }
    },
    "metrics": {
        "http_req_tls_handshaking": {
            "min": 0,
            "med": 0,
            "max": 0,
            "p(90)": 0,
            "p(95)": 0,
            "avg": 0
        },
        "vus_max": {
            "value": 1,
            "min": 1,
            "max": 1
        },
        "http_req_duration": {
            "avg": 18.065355932203392,
            "min": 12.172,
            "med": 17.794,
            "max": 27.273,
            "p(90)": 23.928200000000004,
            "p(95)": 25.943599999999996
        },
        "http_req_connecting": {
            "avg": 0.25984745762711864,
            "min": 0,
            "med": 0,
            "max": 15.331,
            "p(90)": 0,
            "p(95)": 0
        },
        "http_req_sending": {
            "p(95)": 0.060099999999999994,
            "avg": 0.04810169491525424,
            "min": 0.023,
            "med": 0.048,
            "max": 0.067,
            "p(90)": 0.0572
        },
        "http_req_failed": {
            "passes": 0,
            "fails": 59,
            "value": 0
        },
        "http_req_duration{expected_response:true}": {
            "avg": 18.065355932203392,
            "min": 12.172,
            "med": 17.794,
            "max": 27.273,
            "p(90)": 23.928200000000004,
            "p(95)": 25.943599999999996
        },
        "iteration_duration": {
            "p(95)": 1027.4162122,
            "avg": 1019.6302084067793,
            "min": 1013.634792,
            "med": 1019.01875,
            "max": 1044.058917,
            "p(90)": 1024.6308832
        },
        "http_req_blocked": {
            "max": 15.378,
            "p(90)": 0.018,
            "p(95)": 0.018099999999999995,
            "avg": 0.2747966101694915,
            "min": 0.008,
            "med": 0.015
        },
        "data_received": {
            "count": 115109,
            "rate": 1913.2910122959809
        },
        "http_reqs": {
            "count": 59,
            "rate": 0.9806719693982475
        },
        "http_req_waiting": {
            "p(90)": 23.7558,
            "p(95)": 25.667599999999997,
            "avg": 17.757033898305085,
            "min": 11.95,
            "med": 17.526,
            "max": 26.934
        },
        "checks": {
            "passes": 59,
            "fails": 0,
            "thresholds": {
                "rate==1": false
            },
            "value": 1
        },
        "http_req_receiving": {
            "p(95)": 0.3030999999999998,
            "avg": 0.2602203389830509,
            "min": 0.111,
            "med": 0.172,
            "max": 5.016,
            "p(90)": 0.21880000000000002
        },
        "vus": {
            "value": 1,
            "min": 1,
            "max": 1
        },
        "iterations": {
            "count": 59,
            "rate": 0.9806719693982475
        },
        "data_sent": {
            "count": 5782,
            "rate": 96.10585300102825
        }
    }
}