{
    "root_group": {
        "checks": {
            "returns HTTP 200": {
                "name": "returns HTTP 200",
                "path": "::returns HTTP 200",
                "id": "3ac61b617c259842ec196bf588f07e18",
                "passes": 584,
                "fails": 0
            }
        },
        "name": "",
        "path": "",
        "id": "d41d8cd98f00b204e9800998ecf8427e",
        "groups": {}
    },
    "metrics": {
        "data_received": {
            "count": 1139384,
            "rate": 18684.75760556897
        },
        "iteration_duration": {
            "p(95)": 1108.1179000999998,
            "avg": 1035.4892689691778,
            "min": 1011.850167,
            "med": 1024.7542915,
            "max": 1170.104625,
            "p(90)": 1076.8396538
        },
        "http_req_duration": {
            "p(95)": 107.37209999999988,
            "avg": 34.00029452054792,
            "min": 10.814,
            "med": 23.7945,
            "max": 169.469,
            "p(90)": 65.6178
        },
        "http_req_connecting": {
            "min": 0,
            "med": 0,
            "max": 36.156,
            "p(90)": 0,
            "p(95)": 0,
            "avg": 0.5684143835616438
        },
        "http_req_waiting": {
            "med": 23.103,
            "max": 169.302,
            "p(90)": 65.23030000000001,
            "p(95)": 106.84299999999988,
            "avg": 33.28671575342464,
            "min": 10.719
        },
        "http_reqs": {
            "rate": 9.577015687118898,
            "count": 584
        },
        "iterations": {
            "count": 584,
            "rate": 9.577015687118898
        },
        "http_req_duration{expected_response:true}": {
            "p(95)": 107.37209999999988,
            "avg": 34.00029452054792,
            "min": 10.814,
            "med": 23.7945,
            "max": 169.469,
            "p(90)": 65.6178
        },
        "http_req_receiving": {
            "min": 0.019,
            "med": 0.109,
            "max": 23.554,
            "p(90)": 1.5034000000000007,
            "p(95)": 3.305399999999999,
            "avg": 0.6806215753424671
        },
        "http_req_sending": {
            "max": 0.21,
            "p(90)": 0.05,
            "p(95)": 0.057,
            "avg": 0.03295719178082188,
            "min": 0.002,
            "med": 0.03
        },
        "http_req_blocked": {
            "avg": 0.579070205479449,
            "min": 0,
            "med": 0.009,
            "max": 36.181,
            "p(90)": 0.015,
            "p(95)": 0.017
        },
        "http_req_tls_handshaking": {
            "avg": 0,
            "min": 0,
            "med": 0,
            "max": 0,
            "p(90)": 0,
            "p(95)": 0
        },
        "checks": {
            "passes": 584,
            "fails": 0,
            "thresholds": {
                "rate==1": false
            },
            "value": 1
        },
        "data_sent": {
            "count": 57232,
            "rate": 938.547537337652
        },
        "vus": {
            "value": 10,
            "min": 10,
            "max": 10
        },
        "http_req_failed": {
            "fails": 584,
            "passes": 0,
            "value": 0
        },
        "vus_max": {
            "value": 10,
            "min": 10,
            "max": 10
        }
    }
}