{
    "root_group": {
        "name": "",
        "path": "",
        "id": "d41d8cd98f00b204e9800998ecf8427e",
        "groups": {},
        "checks": {
                "returns HTTP 200": {
                    "name": "returns HTTP 200",
                    "path": "::returns HTTP 200",
                    "id": "3ac61b617c259842ec196bf588f07e18",
                    "passes": 590,
                    "fails": 0
                }
            }
    },
    "metrics": {
        "http_req_receiving": {
            "avg": 0.42330847457627113,
            "min": 0.017,
            "med": 0.098,
            "max": 43.455,
            "p(90)": 0.3917000000000006,
            "p(95)": 1.5047499999999998
        },
        "data_received": {
            "count": 1151090,
            "rate": 18960.090844512448
        },
        "http_req_waiting": {
            "avg": 24.087103389830514,
            "min": 10.741,
            "med": 18.957,
            "max": 262.063,
            "p(90)": 38.936,
            "p(95)": 47.77429999999997
        },
        "vus_max": {
            "value": 10,
            "min": 10,
            "max": 10
        },
        "data_sent": {
            "count": 57820,
            "rate": 952.3777051574679
        },
        "vus": {
            "value": 10,
            "min": 10,
            "max": 10
        },
        "iterations": {
            "count": 590,
            "rate": 9.71813984854559
        },
        "http_req_tls_handshaking": {
            "p(95)": 0,
            "avg": 0,
            "min": 0,
            "med": 0,
            "max": 0,
            "p(90)": 0
        },
        "iteration_duration": {
            "min": 1011.733958,
            "med": 1020.5248335,
            "max": 1262.720334,
            "p(90)": 1041.3072663,
            "p(95)": 1052.6707167,
            "avg": 1025.9753604661018
        },
        "http_reqs": {
            "count": 590,
            "rate": 9.71813984854559
        },
        "http_req_sending": {
            "max": 0.157,
            "p(90)": 0.047,
            "p(95)": 0.052,
            "avg": 0.03135762711864403,
            "min": 0.008,
            "med": 0.03
        },
        "checks": {
            "passes": 590,
            "fails": 0,
            "thresholds": {
                "rate==1": false
            },
            "value": 1
        },
        "http_req_failed": {
            "fails": 590,
            "passes": 0,
            "value": 0
        },
        "http_req_blocked": {
            "avg": 0.15951355932203393,
            "min": 0.003,
            "med": 0.009,
            "max": 9.359,
            "p(90)": 0.014,
            "p(95)": 0.016
        },
        "http_req_connecting": {
            "p(95)": 0,
            "avg": 0.14927966101694917,
            "min": 0,
            "med": 0,
            "max": 9.302,
            "p(90)": 0
        },
        "http_req_duration": {
            "p(95)": 48.83644999999999,
            "avg": 24.541769491525443,
            "min": 10.841,
            "med": 19.2475,
            "max": 262.172,
            "p(90)": 39.6153
        },
        "http_req_duration{expected_response:true}": {
            "min": 10.841,
            "med": 19.2475,
            "max": 262.172,
            "p(90)": 39.6153,
            "p(95)": 48.83644999999999,
            "avg": 24.541769491525443
        }
    }
}